id,componentnumber,eccentricity,closnesscentrality,harmonicclosnesscentrality,betweenesscentrality,weighted degree,degree,modularity_class,pageranks,clustering,triangles,eigencentrality,
The Shawshank Redemption,0,19,0.135488838,0.188767929,1437.344267,4,4,46,0.003750294,0,0,0.322515103,
Frank Darabont,0,20,0.134146341,0.178514916,631.9895327,2,2,46,0.001975287,0,0,0.18707905,
Morgan Freeman,0,18,0.144262295,0.21181908,2946.081507,5,5,4,0.004258027,0,0,0.636464626,
Jeffrey DeMunn,0,20,0.134146341,0.178514916,631.9895327,2,2,46,0.001975287,0,0,0.18707905,
Bob Gunton,0,20,0.119402985,0.151680213,0,1,1,46,0.001160727,0,0,0.095888924,
The Godfather,0,13,0.123856439,0.166875612,913.6075092,4,4,7,0.003278103,0,0,0.407602194,
Francis Ford Coppola,0,12,0.134556575,0.177503935,791.7224664,3,3,7,0.002460746,0,0,0.389499236,
Al Pacino,0,14,0.127721335,0.169573845,3676.777534,3,3,7,0.002655228,0,0,0.309666057,
Marlon Brando,0,12,0.12625538,0.160824356,288.8694139,2,2,7,0.001756639,0,0,0.260214642,
Robert Duvall,0,12,0.135384615,0.185553178,1479.722466,4,4,7,0.00339347,0,0,0.456939705,
Kickboxer: Vengeance,1,1,1,1,6,4,4,0,0.005756168,0,0,0.071381517,
John Stockwell,1,2,0.571428571,0.625,0,1,1,0,0.001587592,0,0,0.035444876,
Matthew Ziff,1,2,0.571428571,0.625,0,1,1,0,0.001587592,0,0,0.035444876,
T.J. Storm,1,2,0.571428571,0.625,0,1,1,0,0.001587592,0,0,0.035444876,
Sam Medina,1,2,0.571428571,0.625,0,1,1,0,0.001587592,0,0,0.035444876,
The Dark Knight,0,19,0.134453782,0.196747891,630.797866,4,4,4,0.003420472,0,0,0.659413337,
Christopher Nolan,0,18,0.139240506,0.214312767,2167.402126,7,7,4,0.005850018,0,0,1,
Christian Bale,0,20,0.125356125,0.181306632,235.8627706,4,4,4,0.003285927,0,0,0.651756114,
Heath Ledger,0,20,0.118598383,0.155612597,0,1,1,4,0.001090598,0,0,0.174036958,
The Godfather: Part II,0,13,0.140239044,0.189803457,3701.64768,4,4,7,0.003310718,0,0,0.447780658,
Robert De Niro,0,12,0.147651007,0.196431441,3747.5279,4,4,10,0.003666869,0,0,0.37054663,
The Lord of the Rings: The Return of the King,2,3,0.636363636,0.761904762,7,4,4,8,0.003287978,0,0,0.297958973,
Peter Jackson,2,2,0.636363636,0.714285714,2.25,3,3,8,0.002380025,0,0,0.292636162,
Orlando Bloom,2,2,0.636363636,0.714285714,2.25,3,3,8,0.002380025,0,0,0.292636162,
Billy Boyd,2,2,0.636363636,0.714285714,2.25,3,3,8,0.002380025,0,0,0.292636162,
Bernard Hill,2,4,0.411764706,0.488095238,0,1,1,8,0.00106216,0,0,0.092054172,
Schindler's List,0,17,0.14953271,0.197894622,1429.845987,4,4,1,0.004042275,0,0,0.251262673,
Steven Spielberg,0,16,0.15942029,0.215575255,3635.11125,4,4,1,0.003687592,0,0,0.422333186,
Liam Neeson,0,18,0.144026187,0.19016709,1149.798368,2,2,4,0.001927206,0,0,0.259475815,
Embeth Davidtz,0,18,0.130177515,0.158986985,0,1,1,1,0.001222742,0,0,0.078267497,
Caroline Goodall,0,18,0.130177515,0.158986985,0,1,1,1,0.001222742,0,0,0.078267497,
Pulp Fiction,0,19,0.114359974,0.156979863,522,4,4,10,0.004666059,0,0,0.16614131,
Quentin Tarantino,0,18,0.128467153,0.182100015,1518.842918,5,4,10,0.003995972,0,0,0.290396031,
Bruce Willis,0,20,0.102683781,0.128805424,0,1,1,10,0.001355326,0,0,0.060144848,
Eric Stoltz,0,20,0.102683781,0.128805424,0,1,1,10,0.001355326,0,0,0.060144848,
Phil LaMarr,0,20,0.102683781,0.128805424,0,1,1,10,0.001355326,0,0,0.060144848,
The Good, the Bad and the Ugly,0,15,0.128749086,0.17345549,1345.935104,5,5,2,0.005499504,0,0,0.204688423
Sergio Leone,0,14,0.128654971,0.172463458,1508.087485,3,3,2,0.003206202,0,0,0.2060677,
Clint Eastwood,0,16,0.130177515,0.169094889,1118.854151,3,2,2,0.002162836,0,0,0.148547629,
Luigi Pistilli,0,16,0.114137484,0.139971124,0,1,1,2,0.001298731,0,0,0.073627156,
Enzo Petito,0,16,0.114137484,0.139971124,0,1,1,2,0.001298731,0,0,0.073627156,
12 Angry Men,3,1,1,1,6,4,4,3,0.005756168,0,0,0.071381517,
Sidney Lumet,3,2,0.571428571,0.625,0,1,1,3,0.001587592,0,0,0.035444876,
Jack Warden,3,2,0.571428571,0.625,0,1,1,3,0.001587592,0,0,0.035444876,
Lee J. Cobb,3,2,0.571428571,0.625,0,1,1,3,0.001587592,0,0,0.035444876,
John Fiedler,3,2,0.571428571,0.625,0,1,1,3,0.001587592,0,0,0.035444876,
Inception,0,17,0.143205858,0.199487048,1479.757914,4,4,4,0.003332161,0,0,0.52375525,
Leonardo DiCaprio,0,16,0.155752212,0.206362593,3362.09314,3,3,10,0.00267623,0,0,0.320875196,
Tom Hardy,0,18,0.125714286,0.163546173,33.10662393,2,2,4,0.001767717,0,0,0.300665929,
Joseph Gordon-Levitt,0,18,0.125714286,0.163546173,33.10662393,2,2,4,0.001767717,0,0,0.300665929,
The Lord of the Rings: The Fellowship of the Ring,2,3,0.636363636,0.761904762,3.5,4,4,8,0.003099593,0,0,0.329318272,
Christopher Lee,2,4,0.466666667,0.583333333,0.25,2,2,8,0.001681061,0,0,0.200581991,
Fight Club,0,21,0.109520846,0.15667466,363.9365079,4,4,5,0.004184646,0,0,0.216558995,
David Fincher,0,20,0.115942029,0.157887232,165.1214286,2,2,5,0.002054344,0,0,0.18254879,
Brad Pitt,0,20,0.122392211,0.182824448,1377.936386,4,4,5,0.003861423,0,0,0.338476867,
Meat Loaf,0,22,0.098765432,0.128133317,0,1,1,5,0.001253014,0,0,0.072138837,
Eugenie Bondurant,0,22,0.098765432,0.128133317,0,1,1,5,0.001253014,0,0,0.072138837,
Forrest Gump,0,19,0.131245339,0.182866791,1194,4,4,6,0.004328498,0,0,0.24739725,
Robert Zemeckis,0,20,0.116710875,0.155253487,688,2,2,6,0.00234407,0,0,0.124342852,
Tom Hanks,0,18,0.149152542,0.216017108,4636.50757,5,5,46,0.004644168,0,0,0.483857874,
Siobhan Fallon Hogan,0,20,0.116094987,0.147204244,0,1,1,6,0.001283674,0,0,0.08033928,
Sam Anderson,0,20,0.116094987,0.147204244,0,1,1,6,0.001283674,0,0,0.08033928,
Star Wars: Episode V - The Empire Strikes Back,0,15,0.128,0.171731504,404.6666667,4,4,7,0.003996346,0,0,0.354717065,
Irvin Kershner,0,16,0.113548387,0.139226131,0,1,1,7,0.001212968,0,0,0.104697825,
Harrison Ford,0,14,0.145936982,0.207286669,3501.25464,6,6,7,0.005280654,0,0,0.684743425,
Kenny Baker,0,16,0.11443433,0.152483706,13.5,3,3,7,0.00291251,0,0,0.314093475,
Anthony Daniels,0,16,0.113548387,0.139226131,0,1,1,7,0.001212968,0,0,0.104697825,
The Lord of the Rings: The Two Towers,2,3,0.636363636,0.761904762,3.5,4,4,8,0.003099593,0,0,0.329318272,
The Matrix,4,1,1,1,6,4,4,9,0.005756168,0,0,0.071381517,
Lana Wachowski,4,2,0.571428571,0.625,0,1,1,9,0.001587592,0,0,0.035444876,
Keanu Reeves,4,2,0.571428571,0.625,0,1,1,9,0.001587592,0,0,0.035444876,
Marcus Chong,4,2,0.571428571,0.625,0,1,1,9,0.001587592,0,0,0.035444876,
Gloria Foster,4,2,0.571428571,0.625,0,1,1,9,0.001587592,0,0,0.035444876,
Goodfellas,0,13,0.150556031,0.189945487,1571.297985,4,4,10,0.004024845,0,0,0.250439246,
Martin Scorsese,0,14,0.156862745,0.196464158,3008.105495,3,3,10,0.002867273,0,0,0.252186854,
Mike Starr,0,14,0.130952381,0.153638785,0,1,1,10,0.001219067,0,0,0.080865634,
Paul Sorvino,0,14,0.130952381,0.153638785,0,1,1,10,0.001219067,0,0,0.080865634,
Star Wars: Episode IV - A New Hope,0,15,0.128,0.171731504,404.6666667,4,4,7,0.003996346,0,0,0.354717065,
George Lucas,0,16,0.113548387,0.139226131,0,1,1,7,0.001212968,0,0,0.104697825,
Peter Cushing,0,16,0.113548387,0.139226131,0,1,1,7,0.001212968,0,0,0.104697825,
One Flew Over the Cuckoo's Nest,0,19,0.085147557,0.124669537,2442,4,4,33,0.004618707,0,0,0.124513021,
Milos Forman,0,18,0.09157128,0.125924015,2560,2,2,33,0.002312946,0,0,0.100722374,
Scatman Crothers,0,20,0.079350766,0.115613383,1968,2,2,33,0.002325424,0,0,0.107453568,
Michael Berryman,0,20,0.078501338,0.10320808,0,1,1,33,0.001345429,0,0,0.0502931,
Louise Fletcher,0,20,0.078501338,0.10320808,0,1,1,33,0.001345429,0,0,0.0502931,
City of God,5,1,1,1,6,4,4,11,0.005756168,0,0,0.071381517,
Fernando Meirelles,5,2,0.571428571,0.625,0,1,1,11,0.001587592,0,0,0.035444876,
Alice Braga,5,2,0.571428571,0.625,0,1,1,11,0.001587592,0,0,0.035444876,
Seu Jorge,5,2,0.571428571,0.625,0,1,1,11,0.001587592,0,0,0.035444876,
Alexandre Rodrigues,5,2,0.571428571,0.625,0,1,1,11,0.001587592,0,0,0.035444876,
A Beginner's Guide to Snuff,6,1,1,1,6,4,4,12,0.005756168,0,0,0.071381517,
Mitchell Altieri,6,2,0.571428571,0.625,0,1,1,12,0.001587592,0,0,0.035444876,
Kimberley Crossman,6,2,0.571428571,0.625,0,1,1,12,0.001587592,0,0,0.035444876,
Luke Edwards,6,2,0.571428571,0.625,0,1,1,12,0.001587592,0,0,0.035444876,
Bree Williamson,6,2,0.571428571,0.625,0,1,1,12,0.001587592,0,0,0.035444876,
Queen of the Mountains,7,1,1,1,6,4,4,13,0.005756168,0,0,0.071381517,
Sadyk Sher-Niyaz,7,2,0.571428571,0.625,0,1,1,13,0.001587592,0,0,0.035444876,
Elina Abai Kyzy,7,2,0.571428571,0.625,0,1,1,13,0.001587592,0,0,0.035444876,
Aziz Muradillayev,7,2,0.571428571,0.625,0,1,1,13,0.001587592,0,0,0.035444876,
Mirlan Abdulayev,7,2,0.571428571,0.625,0,1,1,13,0.001587592,0,0,0.035444876,
Seven Samurai,8,1,1,1,6,4,4,14,0.005756168,0,0,0.071381517,
Akira Kurosawa,8,2,0.571428571,0.625,0,1,1,14,0.001587592,0,0,0.035444876,
Takashi Shimura,8,2,0.571428571,0.625,0,1,1,14,0.001587592,0,0,0.035444876,
Minoru Chiaki,8,2,0.571428571,0.625,0,1,1,14,0.001587592,0,0,0.035444876,
Kamatari Fujiwara,8,2,0.571428571,0.625,0,1,1,14,0.001587592,0,0,0.035444876,
Butterfly Girl,9,1,1,1,6,4,4,15,0.005756168,0,0,0.071381517,
Cary Bell,9,2,0.571428571,0.625,0,1,1,15,0.001587592,0,0,0.035444876,
Abigail Evans,9,2,0.571428571,0.625,0,1,1,15,0.001587592,0,0,0.035444876,
Stacie Evans,9,2,0.571428571,0.625,0,1,1,15,0.001587592,0,0,0.035444876,
Emily Gorell,9,2,0.571428571,0.625,0,1,1,15,0.001587592,0,0,0.035444876,
Interstellar,0,19,0.12281926,0.174841515,522,4,4,4,0.004363267,0,0,0.362352712,
Matthew McConaughey,0,20,0.109452736,0.140860225,0,1,1,4,0.001290923,0,0,0.102974671,
Anne Hathaway,0,20,0.109452736,0.140860225,0,1,1,4,0.001290923,0,0,0.102974671,
Mackenzie Foy,0,20,0.109452736,0.140860225,0,1,1,4,0.001290923,0,0,0.102974671,
Saving Private Ryan,0,17,0.158131177,0.218926368,4337.47533,4,4,1,0.003728762,0,0,0.391428084,
Vin Diesel,0,18,0.136645963,0.171895084,0,1,1,1,0.001156175,0,0,0.116678817,
Matt Damon,0,16,0.161764706,0.211534851,3597.285753,3,3,1,0.002866463,0,0,0.269040547,
Se7en,0,19,0.130467013,0.189964744,1452.262576,4,4,5,0.003768245,0,0,0.374113607,
Reg E. Cathey,0,20,0.115485564,0.151258445,0,1,1,5,0.001164526,0,0,0.110409954,
The Silence of the Lambs,10,1,1,1,6,4,4,16,0.005756168,0,0,0.071381517,
Jonathan Demme,10,2,0.571428571,0.625,0,1,1,16,0.001587592,0,0,0.035444876,
Anthony Hopkins,10,2,0.571428571,0.625,0,1,1,16,0.001587592,0,0,0.035444876,
Scott Glenn,10,2,0.571428571,0.625,0,1,1,16,0.001587592,0,0,0.035444876,
Anthony Heald,10,2,0.571428571,0.625,0,1,1,16,0.001587592,0,0,0.035444876,
Spirited Away,0,21,0.092778071,0.123613876,522,4,4,1,0.005068964,0,0,0.096930403,
Hayao Miyazaki,0,20,0.101851852,0.131824391,688,2,2,1,0.002432896,0,0,0.092685747,
Bunta Sugawara,0,22,0.084942085,0.103990414,0,1,1,1,0.00144113,0,0,0.042675585,
RyÌÎÌönosuke Kamiki,0,22,0.084942085,0.103990414,0,1,1,1,0.00144113,0,0,0.042675585,
Miyu Irino,0,22,0.084942085,0.103990414,0,1,1,1,0.00144113,0,0,0.042675585,
American History X,11,1,1,1,6,4,4,17,0.005756168,0,0,0.071381517,
Tony Kaye,11,2,0.571428571,0.625,0,1,1,17,0.001587592,0,0,0.035444876,
Ethan Suplee,11,2,0.571428571,0.625,0,1,1,17,0.001587592,0,0,0.035444876,
Beverly D'Angelo,11,2,0.571428571,0.625,0,1,1,17,0.001587592,0,0,0.035444876,
Stacy Keach,11,2,0.571428571,0.625,0,1,1,17,0.001587592,0,0,0.035444876,
The Usual Suspects,12,3,0.461538462,0.583333333,30,4,4,35,0.005015088,0,0,0.12245357,
Bryan Singer,12,4,0.324324324,0.388888889,0,1,1,35,0.001429844,0,0,0.049903689,
Kevin Spacey,12,2,0.571428571,0.625,48,3,3,35,0.003563139,0,0,0.149711066,
Chazz Palminteri,12,4,0.324324324,0.388888889,0,1,1,35,0.001429844,0,0,0.049903689,
Kevin Pollak,12,4,0.324324324,0.388888889,0,1,1,35,0.001429844,0,0,0.049903689,
Once Upon a Time in the West,0,15,0.114508783,0.151631087,522,4,4,2,0.004795325,0,0,0.137347591,
Claudia Cardinale,0,16,0.102803738,0.125246589,0,1,1,2,0.001382842,0,0,0.052909776,
Woody Strode,0,16,0.102803738,0.125246589,0,1,1,2,0.001382842,0,0,0.052909776,
Jack Elam,0,16,0.102803738,0.125246589,0,1,1,2,0.001382842,0,0,0.052909776,
Running Forever,13,1,1,1,6,4,4,18,0.005756168,0,0,0.071381517,
Mike Mayhall,13,2,0.571428571,0.625,0,1,1,18,0.001587592,0,0,0.035444876,
David Raizor,13,2,0.571428571,0.625,0,1,1,18,0.001587592,0,0,0.035444876,
Cody Howard,13,2,0.571428571,0.625,0,1,1,18,0.001587592,0,0,0.035444876,
Martin Kove,13,2,0.571428571,0.625,0,1,1,18,0.001587592,0,0,0.035444876,
It's a Wonderful Life,14,1,1,1,6,4,4,19,0.005756168,0,0,0.071381517,
Frank Capra,14,2,0.571428571,0.625,0,1,1,19,0.001587592,0,0,0.035444876,
Donna Reed,14,2,0.571428571,0.625,0,1,1,19,0.001587592,0,0,0.035444876,
Lionel Barrymore,14,2,0.571428571,0.625,0,1,1,19,0.001587592,0,0,0.035444876,
Thomas Mitchell,14,2,0.571428571,0.625,0,1,1,19,0.001587592,0,0,0.035444876,
Modern Times,15,1,1,1,6,4,4,20,0.005756168,0,0,0.071381517,
Charles Chaplin,15,2,0.571428571,0.625,0,1,1,20,0.001587592,0,0,0.035444876,
Paulette Goddard,15,2,0.571428571,0.625,0,1,1,20,0.001587592,0,0,0.035444876,
Stanley Blystone,15,2,0.571428571,0.625,0,1,1,20,0.001587592,0,0,0.035444876,
Fred Malatesta,15,2,0.571428571,0.625,0,1,1,20,0.001587592,0,0,0.035444876,
Casablanca,16,3,0.533333333,0.6875,18,4,4,36,0.005200358,0,0,0.094878058,
Michael Curtiz,16,4,0.363636364,0.447916667,0,1,1,36,0.001469281,0,0,0.042286891,
Humphrey Bogart,16,4,0.363636364,0.447916667,0,1,1,36,0.001469281,0,0,0.042286891,
Claude Rains,16,2,0.571428571,0.625,16,2,2,36,0.002575366,0,0,0.084573783,
Conrad Veidt,16,4,0.363636364,0.447916667,0,1,1,36,0.001469281,0,0,0.042286891,
The Dark Knight Rises,0,19,0.12281926,0.174841515,104.5428877,4,4,4,0.003272186,0,0,0.599536526,
Gladiator,17,3,0.461538462,0.583333333,46,4,4,32,0.004827454,0,0,0.118504098,
Ridley Scott,17,4,0.413793103,0.506944444,32,2,2,32,0.002476555,0,0,0.09180296,
Djimon Hounsou,17,4,0.324324324,0.388888889,0,1,1,32,0.001389972,0,0,0.049146688,
Connie Nielsen,17,4,0.324324324,0.388888889,0,1,1,32,0.001389972,0,0,0.049146688,
Oliver Reed,17,4,0.413793103,0.506944444,32,2,2,32,0.002476555,0,0,0.09180296,
Terminator 2: Judgment Day,18,3,0.583333333,0.738095238,11.5,4,4,34,0.004644548,0,0,0.12245357,
James Cameron,18,2,0.583333333,0.642857143,4.5,2,2,34,0.002338743,0,0,0.099807377,
Joe Morton,18,4,0.388888889,0.476190476,0,1,1,34,0.00135097,0,0,0.049903689,
Jenette Goldstein,18,2,0.583333333,0.642857143,4.5,2,2,34,0.002338743,0,0,0.099807377,
S. Epatha Merkerson,18,4,0.388888889,0.476190476,0,1,1,34,0.00135097,0,0,0.049903689,
Django Unchained,0,17,0.139793487,0.189537102,2003.16917,4,4,10,0.003818718,0,0,0.2779981,
Christoph Waltz,0,18,0.12716763,0.167421984,323.8429182,2,2,10,0.002003472,0,0,0.181338835,
Ato Essandoh,0,18,0.122733612,0.152293016,0,1,1,10,0.001175257,0,0,0.088125065,
The Departed,0,15,0.166508988,0.214562615,4611.719575,4,4,10,0.003725826,0,0,0.289553175,
Ray Winstone,0,16,0.142857143,0.170458913,0,1,1,10,0.001155532,0,0,0.090455586,
The Lion King,19,1,1,1,6,4,4,21,0.005756168,0,0,0.071381517,
Roger Allers,19,2,0.571428571,0.625,0,1,1,21,0.001587592,0,0,0.035444876,
Matthew Broderick,19,2,0.571428571,0.625,0,1,1,21,0.001587592,0,0,0.035444876,
Nathan Lane,19,2,0.571428571,0.625,0,1,1,21,0.001587592,0,0,0.035444876,
Niketa Calame,19,2,0.571428571,0.625,0,1,1,21,0.001587592,0,0,0.035444876,
The Green Mile,0,19,0.139793487,0.192227648,1539.521556,4,4,46,0.003830309,0,0,0.293364841,
Michael Jeter,0,20,0.122733612,0.154322095,0,1,1,46,0.001177756,0,0,0.091190126,
The Prestige,0,19,0.12281926,0.174841515,358.7361111,4,4,4,0.003738544,0,0,0.515405691,
Hugh Jackman,0,20,0.109452736,0.140860225,0,1,1,4,0.001158177,0,0,0.138139453,
Scarlett Johansson,0,20,0.109452736,0.140860225,0,1,1,4,0.001158177,0,0,0.138139453,
The Pianist,20,1,1,1,6,4,4,22,0.005756168,0,0,0.071381517,
Roman Polanski,20,2,0.571428571,0.625,0,1,1,22,0.001587592,0,0,0.035444876,
Emilia Fox,20,2,0.571428571,0.625,0,1,1,22,0.001587592,0,0,0.035444876,
Frank Finlay,20,2,0.571428571,0.625,0,1,1,22,0.001587592,0,0,0.035444876,
Ed Stoppard,20,2,0.571428571,0.625,0,1,1,22,0.001587592,0,0,0.035444876,
Apocalypse Now,0,13,0.138473643,0.189064518,2341.781136,4,4,7,0.003273918,0,0,0.511122824,
Raiders of the Lost Ark,0,15,0.151072961,0.200957817,1685.210653,4,4,1,0.003931172,0,0,0.390045049,
Karen Allen,0,16,0.131343284,0.160073812,0,1,1,1,0.001199132,0,0,0.113693436,
William Hootkins,0,16,0.131343284,0.160073812,0,1,1,1,0.001199132,0,0,0.113693436,
Psycho,21,1,1,1,6,4,4,23,0.005756168,0,0,0.071381517,
Alfred Hitchcock,21,2,0.571428571,0.625,0,1,1,23,0.001587592,0,0,0.035444876,
Janet Leigh,21,2,0.571428571,0.625,0,1,1,23,0.001587592,0,0,0.035444876,
Vera Miles,21,2,0.571428571,0.625,0,1,1,23,0.001587592,0,0,0.035444876,
John Gavin,21,2,0.571428571,0.625,0,1,1,23,0.001587592,0,0,0.035444876,
Back to the Future,0,21,0.104949314,0.141197887,522,4,4,6,0.004986786,0,0,0.104294448,
Lea Thompson,0,22,0.095032397,0.117773033,0,1,1,6,0.001423592,0,0,0.044003572,
Thomas F. Wilson,0,22,0.095032397,0.117773033,0,1,1,6,0.001423592,0,0,0.044003572,
J.J. Cohen,0,22,0.095032397,0.117773033,0,1,1,6,0.001423592,0,0,0.044003572,
Alien,17,5,0.352941176,0.529166667,30,4,4,32,0.005108905,0,0,0.096785809,
Tom Skerritt,17,6,0.266666667,0.356944444,0,1,1,32,0.00144978,0,0,0.042656272,
Yaphet Kotto,17,6,0.266666667,0.356944444,0,1,1,32,0.00144978,0,0,0.042656272,
Bolaji Badejo,17,6,0.266666667,0.356944444,0,1,1,32,0.00144978,0,0,0.042656272,
Memento,0,19,0.12281926,0.174841515,522,4,4,4,0.004363267,0,0,0.362352712,
Callum Rennie,0,20,0.109452736,0.140860225,0,1,1,4,0.001290923,0,0,0.102974671,
Thomas Lennon,0,20,0.109452736,0.140860225,0,1,1,4,0.001290923,0,0,0.102974671,
Jorja Fox,0,20,0.109452736,0.140860225,0,1,1,4,0.001290923,0,0,0.102974671,
Airlift,22,1,1,1,6,4,4,24,0.005756168,0,0,0.071381517,
Raja Menon,22,2,0.571428571,0.625,0,1,1,24,0.001587592,0,0,0.035444876,
Nimrat Kaur,22,2,0.571428571,0.625,0,1,1,24,0.001587592,0,0,0.035444876,
Sameer Ali Khan,22,2,0.571428571,0.625,0,1,1,24,0.001587592,0,0,0.035444876,
Purab Kohli,22,2,0.571428571,0.625,0,1,1,24,0.001587592,0,0,0.035444876,
Samsara,23,1,1,1,6,4,4,25,0.005756168,0,0,0.071381517,
Ron Fricke,23,2,0.571428571,0.625,0,1,1,25,0.001587592,0,0,0.035444876,
Collin Alfredo St. Dic,23,2,0.571428571,0.625,0,1,1,25,0.001587592,0,0,0.035444876,
Balinese Tari Legong Dancers,23,2,0.571428571,0.625,0,1,1,25,0.001587592,0,0,0.035444876,
Puti Sri Candra Dewi,23,2,0.571428571,0.625,0,1,1,25,0.001587592,0,0,0.035444876,
Whiplash,24,1,1,1,6,4,4,26,0.005756168,0,0,0.071381517,
Damien Chazelle,24,2,0.571428571,0.625,0,1,1,26,0.001587592,0,0,0.035444876,
J.K. Simmons,24,2,0.571428571,0.625,0,1,1,26,0.001587592,0,0,0.035444876,
Melissa Benoist,24,2,0.571428571,0.625,0,1,1,26,0.001587592,0,0,0.035444876,
Chris Mulkey,24,2,0.571428571,0.625,0,1,1,26,0.001587592,0,0,0.035444876,
The Lives of Others,25,1,1,1,6,4,4,27,0.005756168,0,0,0.071381517,
Florian Henckel von Donnersmarck,25,2,0.571428571,0.625,0,1,1,27,0.001587592,0,0,0.035444876,
Sebastian Koch,25,2,0.571428571,0.625,0,1,1,27,0.001587592,0,0,0.035444876,
Ulrich MÌÎ_he,25,2,0.571428571,0.625,0,1,1,27,0.001587592,0,0,0.035444876,
Martina Gedeck,25,2,0.571428571,0.625,0,1,1,27,0.001587592,0,0,0.035444876,
Dr. Strangelove or: How I Learned to Stop Worrying and Love the Bomb,0,23,0.065209337,0.102982948,522,4,4,33,0.004942669,0,0,0.124496442,
Stanley Kubrick,0,22,0.069565217,0.111617096,1360,3,3,33,0.003445515,0,0,0.157743318,
George C. Scott,0,24,0.061238692,0.085066666,0,1,1,33,0.001414358,0,0,0.050291425,
Slim Pickens,0,24,0.061238692,0.085066666,0,1,1,33,0.001414358,0,0,0.050291425,
Keenan Wynn,0,24,0.061238692,0.085066666,0,1,1,33,0.001414358,0,0,0.050291425,
Children of Heaven,26,1,1,1,6,4,4,28,0.005756168,0,0,0.071381517,
Majid Majidi,26,2,0.571428571,0.625,0,1,1,28,0.001587592,0,0,0.035444876,
Bahare Seddiqi,26,2,0.571428571,0.625,0,1,1,28,0.001587592,0,0,0.035444876,
Amir Farrokh Hashemian,26,2,0.571428571,0.625,0,1,1,28,0.001587592,0,0,0.035444876,
Mohammad Amir Naji,26,2,0.571428571,0.625,0,1,1,28,0.001587592,0,0,0.035444876,
WALLÌ´ÌÁE,0,21,0.10738255,0.151499564,522,4,4,46,0.004698105,0,0,0.176329864,
Andrew Stanton,0,22,0.097023153,0.124331925,0,1,1,46,0.001362237,0,0,0.062294712,
John Ratzenberger,0,20,0.119727891,0.17532248,2004.5,4,4,46,0.004065756,0,0,0.326748684,
Fred Willard,0,22,0.097023153,0.124331925,0,1,1,46,0.001362237,0,0,0.062294712,
Jeff Garlin,0,22,0.097023153,0.124331925,0,1,1,46,0.001362237,0,0,0.062294712,
Braveheart,27,1,1,1,6,4,4,29,0.005756168,0,0,0.071381517,
Mel Gibson,27,2,0.571428571,0.625,0,1,1,29,0.001587592,0,0,0.035444876,
Mhairi Calvey,27,2,0.571428571,0.625,0,1,1,29,0.001587592,0,0,0.035444876,
Patrick McGoohan,27,2,0.571428571,0.625,0,1,1,29,0.001587592,0,0,0.035444876,
James Robinson,27,2,0.571428571,0.625,0,1,1,29,0.001587592,0,0,0.035444876,
AmÌÎå©lie,28,1,1,1,6,4,4,30,0.005756168,0,0,0.071381517,
Jean-Pierre Jeunet,28,2,0.571428571,0.625,0,1,1,30,0.001587592,0,0,0.035444876,
Mathieu Kassovitz,28,2,0.571428571,0.625,0,1,1,30,0.001587592,0,0,0.035444876,
Jamel Debbouze,28,2,0.571428571,0.625,0,1,1,30,0.001587592,0,0,0.035444876,
Isabelle Nanty,28,2,0.571428571,0.625,0,1,1,30,0.001587592,0,0,0.035444876,
Baahubali: The Beginning,29,1,1,1,6,4,4,31,0.005756168,0,0,0.071381517,
S.S. Rajamouli,29,2,0.571428571,0.625,0,1,1,31,0.001587592,0,0,0.035444876,
Tamannaah Bhatia,29,2,0.571428571,0.625,0,1,1,31,0.001587592,0,0,0.035444876,
Anushka Shetty,29,2,0.571428571,0.625,0,1,1,31,0.001587592,0,0,0.035444876,
Prabhas,29,2,0.571428571,0.625,0,1,1,31,0.001587592,0,0,0.035444876,
Lion of the Desert,17,5,0.352941176,0.529166667,30,4,4,32,0.005108905,0,0,0.096785809,
Moustapha Akkad,17,6,0.266666667,0.356944444,0,1,1,32,0.00144978,0,0,0.042656272,
Rod Steiger,17,6,0.266666667,0.356944444,0,1,1,32,0.00144978,0,0,0.042656272,
John Gielgud,17,6,0.266666667,0.356944444,0,1,1,32,0.00144978,0,0,0.042656272,
Star Wars: Episode VI - Return of the Jedi,0,15,0.128,0.171731504,404.6666667,4,4,7,0.003996346,0,0,0.354717065,
Richard Marquand,0,16,0.113548387,0.139226131,0,1,1,7,0.001212968,0,0,0.104697825,
Ian McDiarmid,0,16,0.113548387,0.139226131,0,1,1,7,0.001212968,0,0,0.104697825,
Once Upon a Time in America,0,13,0.135697764,0.180336803,1568.187485,4,4,2,0.004175129,0,0,0.241473513,
Burt Young,0,14,0.119565217,0.145535699,0,1,1,2,0.001251021,0,0,0.079530768,
Treat Williams,0,14,0.119565217,0.145535699,0,1,1,2,0.001251021,0,0,0.079530768,
Princess Mononoke,0,19,0.112748238,0.149397357,1194,4,4,1,0.004663671,0,0,0.123251557,
Minnie Driver,0,18,0.125714286,0.160583305,1344,2,2,1,0.002272914,0,0,0.111916306,
Jada Pinkett Smith,0,20,0.101382488,0.123775148,0,1,1,1,0.001354962,0,0,0.050010162,
Billy Crudup,0,20,0.101382488,0.123775148,0,1,1,1,0.001354962,0,0,0.050010162,
The Shining,0,21,0.074230283,0.116509838,1834,4,4,33,0.004607903,0,0,0.148190737,
Shelley Duvall,0,22,0.069128044,0.095518611,0,1,1,33,0.001343191,0,0,0.057160468,
Joe Turkel,0,22,0.069128044,0.095518611,0,1,1,33,0.001343191,0,0,0.057160468,
Aliens,18,3,0.583333333,0.738095238,11.5,4,4,34,0.004644548,0,0,0.12245357,
Michael Biehn,18,4,0.388888889,0.476190476,0,1,1,34,0.00135097,0,0,0.049903689,
Carrie Henn,18,4,0.388888889,0.476190476,0,1,1,34,0.00135097,0,0,0.049903689,
American Beauty,12,3,0.461538462,0.583333333,30,4,4,35,0.005015088,0,0,0.12245357,
Sam Mendes,12,4,0.324324324,0.388888889,0,1,1,35,0.001429844,0,0,0.049903689,
Peter Gallagher,12,4,0.324324324,0.388888889,0,1,1,35,0.001429844,0,0,0.049903689,
Ara Celi,12,4,0.324324324,0.388888889,0,1,1,35,0.001429844,0,0,0.049903689,
Lawrence of Arabia,16,3,0.533333333,0.6875,18,4,4,36,0.005200358,0,0,0.094878058,
David Lean,16,4,0.363636364,0.447916667,0,1,1,36,0.001469281,0,0,0.042286891,
JosÌÎå© Ferrer,16,4,0.363636364,0.447916667,0,1,1,36,0.001469281,0,0,0.042286891,
Jack Hawkins,16,4,0.363636364,0.447916667,0,1,1,36,0.001469281,0,0,0.042286891,
U2 3D,30,1,1,1,6,4,4,37,0.005756168,0,0,0.071381517,
Catherine Owens,30,2,0.571428571,0.625,0,1,1,37,0.001587592,0,0,0.035444876,
Bono,30,2,0.571428571,0.625,0,1,1,37,0.001587592,0,0,0.035444876,
The Edge,30,2,0.571428571,0.625,0,1,1,37,0.001587592,0,0,0.035444876,
Larry Mullen Jr.,30,2,0.571428571,0.625,0,1,1,37,0.001587592,0,0,0.035444876,
Das Boot,31,1,1,1,6,4,4,38,0.005756168,0,0,0.071381517,
Wolfgang Petersen,31,2,0.571428571,0.625,0,1,1,38,0.001587592,0,0,0.035444876,
JÌÎ_rgen Prochnow,31,2,0.571428571,0.625,0,1,1,38,0.001587592,0,0,0.035444876,
Martin Semmelrogge,31,2,0.571428571,0.625,0,1,1,38,0.001587592,0,0,0.035444876,
Herbert GrÌÎå_nemeyer,31,2,0.571428571,0.625,0,1,1,38,0.001587592,0,0,0.035444876,
Rang De Basanti,32,1,1,1,6,4,4,39,0.005756168,0,0,0.071381517,
Rakeysh Omprakash Mehra,32,2,0.571428571,0.625,0,1,1,39,0.001587592,0,0,0.035444876,
Anupam Kher,32,2,0.571428571,0.625,0,1,1,39,0.001587592,0,0,0.035444876,
Steven Mackintosh,32,2,0.571428571,0.625,0,1,1,39,0.001587592,0,0,0.035444876,
Madhavan,32,2,0.571428571,0.625,0,1,1,39,0.001587592,0,0,0.035444876,
Requiem for a Dream,33,1,1,1,6,4,4,40,0.005756168,0,0,0.071381517,
Darren Aronofsky,33,2,0.571428571,0.625,0,1,1,40,0.001587592,0,0,0.035444876,
Ellen Burstyn,33,2,0.571428571,0.625,0,1,1,40,0.001587592,0,0,0.035444876,
Mark Margolis,33,2,0.571428571,0.625,0,1,1,40,0.001587592,0,0,0.035444876,
Louise Lasser,33,2,0.571428571,0.625,0,1,1,40,0.001587592,0,0,0.035444876,
Batman: The Dark Knight Returns Part 2,34,1,1,1,10,5,5,41,0.006867789,0,0,0.110157856,
Jay Oliva,34,2,0.555555556,0.6,0,1,1,41,0.001532011,0,0,0.049038665,
Michael Emerson,34,2,0.555555556,0.6,0,1,1,41,0.001532011,0,0,0.049038665,
Mark Valley,34,2,0.555555556,0.6,0,1,1,41,0.001532011,0,0,0.049038665,
Grey Griffin,34,2,0.555555556,0.6,0,1,1,41,0.001532011,0,0,0.049038665,
Oldboy,35,1,1,1,6,4,4,42,0.005756168,0,0,0.071381517,
Chan-wook Park,35,2,0.571428571,0.625,0,1,1,42,0.001587592,0,0,0.035444876,
Min-sik Choi,35,2,0.571428571,0.625,0,1,1,42,0.001587592,0,0,0.035444876,
Ji-tae Yu,35,2,0.571428571,0.625,0,1,1,42,0.001587592,0,0,0.035444876,
Hye-jeong Kang,35,2,0.571428571,0.625,0,1,1,42,0.001587592,0,0,0.035444876,
To Kill a Mockingbird,0,13,0.119809394,0.159804463,522,4,4,7,0.004386658,0,0,0.205495244,
Robert Mulligan,0,14,0.107055961,0.131104438,0,1,1,7,0.00129592,0,0,0.06744047,
Brock Peters,0,14,0.107055961,0.131104438,0,1,1,7,0.00129592,0,0,0.06744047,
William Windom,0,14,0.107055961,0.131104438,0,1,1,7,0.00129592,0,0,0.06744047,
Reservoir Dogs,0,19,0.114211551,0.153191984,349,4,3,10,0.003528637,0,0,0.135414579,
Steve Buscemi,0,20,0.102564103,0.127384969,0,1,1,10,0.001363567,0,0,0.048912349,
Chris Penn,0,20,0.102564103,0.127384969,0,1,1,10,0.001363567,0,0,0.048912349,
A Separation,36,1,1,1,6,4,4,43,0.005756168,0,0,0.071381517,
Asghar Farhadi,36,2,0.571428571,0.625,0,1,1,43,0.001587592,0,0,0.035444876,
Shahab Hosseini,36,2,0.571428571,0.625,0,1,1,43,0.001587592,0,0,0.035444876,
Leila Hatami,36,2,0.571428571,0.625,0,1,1,43,0.001587592,0,0,0.035444876,
Peyman Moaadi,36,2,0.571428571,0.625,0,1,1,43,0.001587592,0,0,0.035444876,
The Other Dream Team,37,1,1,1,6,4,4,44,0.005756168,0,0,0.071381517,
Marius A. Markevicius,37,2,0.571428571,0.625,0,1,1,44,0.001587592,0,0,0.035444876,
Tommy Sheppard,37,2,0.571428571,0.625,0,1,1,44,0.001587592,0,0,0.035444876,
Greg Speirs,37,2,0.571428571,0.625,0,1,1,44,0.001587592,0,0,0.035444876,
Mickey Hart,37,2,0.571428571,0.625,0,1,1,44,0.001587592,0,0,0.035444876,
A Charlie Brown Christmas,38,1,1,1,3,4,3,45,0.004644548,0,0,0.04246847,
Bill Melendez,38,2,0.6,0.666666667,0,2,1,45,0.001680227,0,0,0.024267796,
Peter Robbins,38,2,0.6,0.666666667,0,1,1,45,0.001680227,0,0,0.024267796,
Christopher Shea,38,2,0.6,0.666666667,0,1,1,45,0.001680227,0,0,0.024267796,
Toy Story 3,0,19,0.132830189,0.188007484,1376,4,4,46,0.004121444,0,0,0.31511858,
Lee Unkrich,0,20,0.117333333,0.150417177,0,1,1,46,0.001239673,0,0,0.097824826,
Don Rickles,0,20,0.117333333,0.150417177,0,1,1,46,0.001239673,0,0,0.097824826,
Up,0,21,0.107909258,0.155192746,1194,4,4,46,0.00446987,0,0,0.198191548,
Pete Docter,0,22,0.097886541,0.134559198,688,2,2,46,0.002381565,0,0,0.112333243,
Delroy Lindo,0,22,0.097452935,0.126509956,0,1,1,46,0.001313761,0,0,0.068804321,
Jess Harnell,0,22,0.097452935,0.126509956,0,1,1,46,0.001313761,0,0,0.068804321,
Inside Out,0,23,0.08947636,0.124951474,522,4,4,46,0.005021418,0,0,0.101600633,
Amy Poehler,0,24,0.0821662,0.104602967,0,1,1,46,0.001431001,0,0,0.043528922,
Mindy Kaling,0,24,0.0821662,0.104602967,0,1,1,46,0.001431001,0,0,0.043528922,
Phyllis Smith,0,24,0.0821662,0.104602967,0,1,1,46,0.001431001,0,0,0.043528922,
Batman Begins,0,19,0.141365462,0.207188745,1608.12737,4,4,4,0.00331252,0,0,0.685358329,
Inglourious Basterds,0,19,0.120136519,0.174252426,889.3753968,4,4,10,0.00389473,0,0,0.291803246,
Michael Fassbender,0,20,0.107317073,0.13999299,0,1,1,10,0.001191411,0,0,0.09321377,
Indiana Jones and the Last Crusade,0,15,0.151072961,0.200957817,1685.210653,4,4,7,0.003931172,0,0,0.390045049,
Julian Glover,0,16,0.131343284,0.160073812,0,1,1,7,0.001199132,0,0,0.113693436,
Alison Doody,0,16,0.131343284,0.160073812,0,1,1,7,0.001199132,0,0,0.113693436,
L.A. Confidential,12,3,0.461538462,0.583333333,30,4,4,35,0.005015088,0,0,0.12245357,
Curtis Hanson,12,4,0.324324324,0.388888889,0,1,1,35,0.001429844,0,0,0.049903689,
Matt McCoy,12,4,0.324324324,0.388888889,0,1,1,35,0.001429844,0,0,0.049903689,
Paul Guilfoyle,12,4,0.324324324,0.388888889,0,1,1,35,0.001429844,0,0,0.049903689,
Toy Story,0,19,0.132830189,0.188007484,1376,4,4,46,0.004121444,0,0,0.31511858,
John Lasseter,0,20,0.117333333,0.150417177,0,1,1,46,0.001239673,0,0,0.097824826,
Jim Varney,0,20,0.117333333,0.150417177,0,1,1,46,0.001239673,0,0,0.097824826,
Scarface,0,15,0.116788321,0.156927479,3562,4,4,7,0.00418886,0,0,0.183162049,
Brian De Palma,0,16,0.104637337,0.128792459,0,1,1,7,0.00125395,0,0,0.063429899,
F. Murray Abraham,0,16,0.107186358,0.141267658,3120,2,2,33,0.002221467,0,0,0.113859173,
Mary Elizabeth Mastrantonio,0,16,0.104637337,0.128792459,0,1,1,7,0.00125395,0,0,0.063429899,
Eternal Sunshine of the Spotless Mind,39,1,1,1,6,4,4,47,0.005756168,0,0,0.071381517,
Michel Gondry,39,2,0.571428571,0.625,0,1,1,47,0.001587592,0,0,0.035444876,
Kate Winslet,39,2,0.571428571,0.625,0,1,1,47,0.001587592,0,0,0.035444876,
Kirsten Dunst,39,2,0.571428571,0.625,0,1,1,47,0.001587592,0,0,0.035444876,
Tom Wilkinson,39,2,0.571428571,0.625,0,1,1,47,0.001587592,0,0,0.035444876,
Amadeus,0,17,0.098931984,0.137140218,3018,4,4,33,0.004549776,0,0,0.125535312,
Jeffrey Jones,0,18,0.090071648,0.113626937,0,1,1,33,0.001330713,0,0,0.050429274,
Tom Hulce,0,18,0.090071648,0.113626937,0,1,1,33,0.001330713,0,0,0.050429274,
Raging Bull,0,13,0.150556031,0.189945487,1571.297985,4,4,10,0.004024845,0,0,0.250439246,
Cathy Moriarty,0,14,0.130952381,0.153638785,0,1,1,10,0.001219067,0,0,0.080865634,
Frank Vincent,0,14,0.130952381,0.153638785,0,1,1,10,0.001219067,0,0,0.080865634,
Metropolis,40,1,1,1,6,4,4,48,0.005756168,0,0,0.071381517,
Fritz Lang,40,2,0.571428571,0.625,0,1,1,48,0.001587592,0,0,0.035444876,
Brigitte Helm,40,2,0.571428571,0.625,0,1,1,48,0.001587592,0,0,0.035444876,
Gustav Fr��_��_��_ hlich,40,2,0.571428571,0.625,0,1,1,48,0.001587592,0,0,0.035444876,
Rudolf Klein-Rogge,40,2,0.571428571,0.625,0,1,1,48,0.001587592,0,0,0.035444876,
Unforgiven,0,17,0.136752137,0.183969848,1295.211294,4,3,2,0.003047707,0,0,0.250352047,
Frances Fisher,0,18,0.120383037,0.149467748,0,1,1,2,0.001227301,0,0,0.074920473,
Downfall,41,1,1,1,6,4,4,49,0.005756168,0,0,0.071381517,
Oliver Hirschbiegel,41,2,0.571428571,0.625,0,1,1,49,0.001587592,0,0,0.035444876,
Thomas Kretschmann,41,2,0.571428571,0.625,0,1,1,49,0.001587592,0,0,0.035444876,
Bruno Ganz,41,2,0.571428571,0.625,0,1,1,49,0.001587592,0,0,0.035444876,
Alexandra Maria Lara,41,2,0.571428571,0.625,0,1,1,49,0.001587592,0,0,0.035444876,
Room,42,1,1,1,6,4,4,50,0.005756168,0,0,0.071381517,
Lenny Abrahamson,42,2,0.571428571,0.625,0,1,1,50,0.001587592,0,0,0.035444876,
Joan Allen,42,2,0.571428571,0.625,0,1,1,50,0.001587592,0,0,0.035444876,
Jacob Tremblay,42,2,0.571428571,0.625,0,1,1,50,0.001587592,0,0,0.035444876,
Cas Anvar,42,2,0.571428571,0.625,0,1,1,50,0.001587592,0,0,0.035444876,
Snatch,0,21,0.109520846,0.15667466,522,4,4,5,0.004603664,0,0,0.178784422,
Guy Ritchie,0,22,0.098765432,0.128133317,0,1,1,5,0.00134206,0,0,0.062714307,
Jason Statham,0,22,0.098765432,0.128133317,0,1,1,5,0.00134206,0,0,0.062714307,
Jason Flemyng,0,22,0.098765432,0.128133317,0,1,1,5,0.00134206,0,0,0.062714307,
2001: A Space Odyssey,0,23,0.065209337,0.102982948,522,4,4,33,0.004942669,0,0,0.124496442,
Keir Dullea,0,24,0.061238692,0.085066666,0,1,1,33,0.001414358,0,0,0.050291425,
Gary Lockwood,0,24,0.061238692,0.085066666,0,1,1,33,0.001414358,0,0,0.050291425,
Glenn Beck,0,24,0.061238692,0.085066666,0,1,1,33,0.001414358,0,0,0.050291425,
Good Will Hunting,0,17,0.141821112,0.185338255,1834,4,4,1,0.004316643,0,0,0.17430428,
Gus Van Sant,0,18,0.124293785,0.150356033,0,1,1,1,0.001281148,0,0,0.061906144,
Robin Williams,0,18,0.124293785,0.150356033,0,1,1,1,0.001281148,0,0,0.061906144,
